{
  "listaCursos": [
    {
      "id": "1",
      "unidadeSolicitante": "xzcsdcsac",
      "tituloEvento": "Curso 1",
      "dataInicio": "2024-08-10",
      "horaInicio": "9:00",
      "dataFim": "2024-08-10",
      "horaFim": "12:00",
      "quantidadeParticipantes": "8",
      "modalidade": "online",
      "cargaHoraria": "",
      "demanda": "externa",
      "coordenadorGeral": "sacascascasc",
      "coordenadorApoioInstitucional": "sacsacasc",
      "coordenadorAcaoCapacitacao": "marina",
      "coordenacaoApoioAcao": "ascsacascasc",
      "coordenacaoApoioOperacional": "sacascascsac",
      "equipeTecnica": true,
      "equipeTecnica2": "",
      "equipeTecnica3": "",
      "equipeTecnica4": true,
      "equipeJuridica": "csacasc",
      "observacao": "as",
      "osElaboradaPor": "ssssssscsac",
      "local": "ascsac",
      "publicoAlvo": "ascsacsa",
      "status": "andamento"
    },
    {
      "id": "2",
      "unidadeSolicitante": "xzcsdcsac",
      "tituloEvento": "Curso 2",
      "dataInicio": "2024-08-10",
      "horaInicio": "9:00",
      "dataFim": "2024-08-10",
      "horaFim": "12:00",
      "quantidadeParticipantes": "8",
      "modalidade": "online",
      "cargaHoraria": "3",
      "demanda": "externa",
      "coordenadorGeral": "sacascascasc",
      "coordenadorApoioInstitucional": "sacsacasc",
      "coordenadorAcaoCapacitacao": "marina",
      "coordenacaoApoioAcao": "ascsacascasc",
      "coordenacaoApoioOperacional": "sacascascsac",
      "equipeTecnica": true,
      "equipeTecnica2": "",
      "equipeTecnica3": "",
      "equipeTecnica4": true,
      "equipeJuridica": "csacasc",
      "observacao": "as",
      "osElaboradaPor": "ssssssscsac",
      "local": "ascsac",
      "publicoAlvo": "ascsacsa",
      "status": "andamento"
    },
    {
      "id": "3",
      "unidadeSolicitante": "sadsdsa",
      "tituloEvento": "Evento",
      "dataInicio": "2024-08-09",
      "horaInicio": "09:00",
      "dataFim": "2024-08-10",
      "horaFim": "13:00",
      "quantidadeParticipantes": "9",
      "modalidade": "presencial",
      "cargaHoraria": "5",
      "demanda": "interna",
      "coordenadorGeral": "Marcos José da Silva",
      "coordenadorApoioInstitucional": "Carlos Arantes",
      "coordenadorAcaoCapacitacao": "clenilda",
      "coordenacaoApoioAcao": "Carlos Arantes",
      "coordenacaoApoioOperacional": "Carlos Arantes",
      "equipeTecnica": true,
      "equipeTecnica2": "",
      "equipeTecnica3": "",
      "equipeTecnica4": "",
      "equipeJuridica": "asdasdasdsad",
      "observacao": "asdasdedfger refrerf erfre freferferfer fref refer",
      "osElaboradaPor": "Clenilda",
      "local": "TCE",
      "publicoAlvo": "sadklsadjasjdaslk",
      "status": "andamento"
    }
  ]
}