{
  "hash": "5bcb3b5e",
  "configHash": "b3308885",
  "lockfileHash": "4820ab3f",
  "browserHash": "0eba12b5",
  "optimized": {
    "@angular/common": {
      "src": "../../../../../node_modules/@angular/common/fesm2022/common.mjs",
      "file": "@angular_common.js",
      "fileHash": "3b76ca49",
      "needsInterop": false
    },
    "@angular/common/http": {
      "src": "../../../../../node_modules/@angular/common/fesm2022/http.mjs",
      "file": "@angular_common_http.js",
      "fileHash": "1081cef0",
      "needsInterop": false
    },
    "@angular/core": {
      "src": "../../../../../node_modules/@angular/core/fesm2022/core.mjs",
      "file": "@angular_core.js",
      "fileHash": "6128c4fa",
      "needsInterop": false
    },
    "@angular/forms": {
      "src": "../../../../../node_modules/@angular/forms/fesm2022/forms.mjs",
      "file": "@angular_forms.js",
      "fileHash": "01bd1bb0",
      "needsInterop": false
    },
    "@angular/platform-browser": {
      "src": "../../../../../node_modules/@angular/platform-browser/fesm2022/platform-browser.mjs",
      "file": "@angular_platform-browser.js",
      "fileHash": "21dbdf24",
      "needsInterop": false
    },
    "@angular/router": {
      "src": "../../../../../node_modules/@angular/router/fesm2022/router.mjs",
      "file": "@angular_router.js",
      "fileHash": "128e1363",
      "needsInterop": false
    },
    "html2canvas": {
      "src": "../../../../../node_modules/html2canvas/dist/html2canvas.esm.js",
      "file": "html2canvas.js",
      "fileHash": "ea5f01d8",
      "needsInterop": false
    },
    "jspdf": {
      "src": "../../../../../node_modules/jspdf/dist/jspdf.es.min.js",
      "file": "jspdf.js",
      "fileHash": "0805075a",
      "needsInterop": false
    }
  },
  "chunks": {
    "purify.es-7734OYTJ": {
      "file": "purify__es-7734OYTJ.js"
    },
    "index.es-OFDNZ25S": {
      "file": "index__es-OFDNZ25S.js"
    },
    "chunk-3U7WMRV2": {
      "file": "chunk-3U7WMRV2.js"
    },
    "chunk-MG4B6G4Q": {
      "file": "chunk-MG4B6G4Q.js"
    },
    "chunk-STEOFGHC": {
      "file": "chunk-STEOFGHC.js"
    },
    "chunk-JZCPY7PP": {
      "file": "chunk-JZCPY7PP.js"
    },
    "chunk-U5TICDIP": {
      "file": "chunk-U5TICDIP.js"
    },
    "chunk-TXDUYLVM": {
      "file": "chunk-TXDUYLVM.js"
    }
  }
}